epoch,train_loss,eval_loss,eval_top1,eval_top5
0,6.916786261967251,6.9117675,0.048,0.416
1,6.661409786769322,5.9271725,2.5880000061035155,9.053999993896484
2,6.055192402430943,4.84235375,10.2360000189209,26.486000052490233
3,5.469765867505755,4.09477125,19.69599999145508,42.53199997558594
4,5.026951244899204,3.76512375,24.78600005493164,49.470000056152344
5,4.751704965318952,3.27815,31.24200005493164,57.48200008300781
6,4.688319717134748,3.028068125,36.39399996459961,62.984
7,4.442534787314279,2.773690625,40.442000072021486,67.30199995361328
